Category,Text
1,খানকির পোলাদের মাইরা ফালা রোহিঙ্গা সব বিতাড়িত করা দরকার
1,অস্ত্র নির্মান কোন ছোটখাট বিষয় নয় ইহা ভারতিও রাস্টিয় সহায়তা ছারা সম্বভ না
1,এই মালাউনরা বাংগালিদের সাফল্য দেখে হিংসা করে বাহির দেশে বাংলাদেশীদের দেখতে পারেনা এই একটি মাএ জাতি সুতরাং সাবধান
1,পাকিস্তান আমার বাল 
1,তোদের মতো কুত্তার বাচ্চারা সোনিকার মতো মেয়েরা পাইলে শিওর গ্যাংব্যাং দিবি
1,পাকিস্তান আমার বাল
1,এদের কে চোদ্দ বছরে ফাসি দেয়া হোক
1,এজন্য ভারত বাংলাদেশে এসে হোয়াইট ওয়াস হয়েগেছে মনে নেই
0,পাখি উড়ছে
0,মার্চ তেরো দুই হাজার চৌদ্দ পর্যন্ত পুস্তিকাটি আঠারো হাজার তিনশো বার ডাউনলোড করা হয়েছে এবং গণনা করা হয়েছে
1,খানকির পোলাদের মাইরা ফালা রোহিঙ্গা সব বিতাড়িত করা দরকার
1,ইনিই হচ্ছেন ভারতের প্রতিরক্ষামন্ত্রী মনোহর পারিকর  এই কদিন আগেই যিনি ঘোষনা দেন বাংলাদেশ দখল করে মহাভারত গঠন করবেন আশ্চর্য তিনিই কিনা আমাদের বরেন্য রাষ্ট্রীয় অতিথি
1,রেন্ডিয়াকে পৃথীবির মানচিএ থেকে মুচে ফেলতে হবে
1,এই মালাউনরা বাংগালিদের সাফল্য দেখে হিংসা করে বাহির দেশে বাংলাদেশীদের দেখতে পারেনা এই একটি মাএ জাতি সুতরাং সাবধান
1,আমরা বলতে কারা ভারত তাইতো
1,পাকিস্তান আমার বাল
1,তোদের মতো কুত্তার বাচ্চারা সোনিকার মতো মেয়েরা পাইলে শিওর গ্যাংব্যাং দিবি
1,খানকির পোলা রোহিঙ্গারা বাংলাদেশে ঢুকলে কি তোর কোন সমস্যা
1,ভারত মোদের বাঁশভাই দাদারা আসারদরকার নাই ও আশামানে যেকোনভাবে বাংদেশেরকে বাশদিয়েজাবে
1,এদের কে চোদ্দ বছরে ফাসি দেয়া হোক
1,এজন্য ভারত বাংলাদেশে এসে হোয়াইট ওয়াস হয়েগেছে মনে নেই
1,খানকির পোলাদের মাইরা ফালা রোহিঙ্গা সব বিতাড়িত করা দরকার
1,অস্ত্র নির্মান কোন ছোটখাট বিষয় নয় ইহা ভারতিও রাস্টিয় সহায়তা ছারা সম্বভ না
1,এইসব ঐক্যধারীরা বাংলাদেশের একটা ওয়ার্ডের চৌকিদার হওয়ারো যোগ্যতা রাখে না
1,রাজাকার ভাই আপনি খুব উপযুক্ত
1,আর মানুষ পাইলি না জাফর বালডা রে কল দিছোস
1,মাহি বি চোধুরী  এ তো দেখি পুরাই আওয়ামী দালাল
1,যখন পাকিস্তানের দখলে ছিল বাংলাদেশ তখন কিরকম অতযাচার করেছিল পাকিস্তান
1,সত্য ঘটনা  একবার নিবেদিতা হরিয়ানার ময়দানে ইজি চেয়ারে গভীর রাতে বসেছিলেন হঠাত তিনি শুনতে পান যদাযদাহি তাঁর মনে হল ঐ ময় দানের বাঁদিক থেকে ওই মন্ত্র উচ্চারিত হচ্ছে   তিনি ছুটে যান ঐদিকে কিন্তু না অন্য প্রান্তে থেকে সুর ভেসে আসে পরে তিনি মাঝখানে এলেন তিনি শুনতে পেলেন সকল দিক থেকে সুর ভেসে আসছে  তিনি বললেন মহাভারত সত্য কৃষ্ণ সত্য যুদ্ধ সত্য  তিনি আপত্ত জন তাই তাঁর কথা বিশ্বাস করতে ই হবে   প্রমাণের দরকার হয় না
1,জাহান্নামের কীট ভারতীয় মালাউন টা না মরে হাজার মরলে বেশী খুশি হতাম
1,সালা পাগল হিন্দু রা বাংলাদেশে যেভাবে শান্তিতে থাকে ভারতেও এভাবে থাকে না
1,সাবাস পাকিস্তান বাংলাদেশ যেখানে ভারতীয় জানোয়ার গুলির
1,কিছুই হবেনা  সব মিডিয়ার বাড়াবাড়ি  ভারত পাকিস্তানকে পাগলা কুত্তায় কামড়ায়নি যে একজন আরেকজনকে ভয়াবহ আক্রমণ করবে  ওইরকম মাঝেমাঝে দুইচারআটদশজন মরবে  তার বেশিকিছু হবেনা
1,আজকের সো বালের হইছে  জমে নাই
1,মানুষের জীবনটা অভিনয় তবে আপনাদের অভিনয় দেখার জন্য লক্ষ কোটি মানুষ পাগল  বাংলাদেশের বাংলা সিনেমার তারকাদের অভিনয় জনপ্রিয় হয় ওঠেছে  বাংলাদেশের বাংলা সিনেমায় জনপ্রিয় অভিনেতা অভিনেত্রী জম্ম হয়েছে  বর্তমানের বাংলাদেশের বাংলা সিনেমা ভারতীয় সিনেমার চেয়ে কোনো অংশে কম নয়  অবশেষে ভারতের সাথে যৌথ পরিচালনা সিনেমা করাতে ভারতে ও বাংলাদেশের বাংলা সিনেমার জনপ্রিয় হচ্ছে  দুই বাংলা এক সাথে কাজ করা
1,ভারত আসলে পাকিস্তান কে কি পরিমাণ ভয় পায় তা আর বলার অপেক্ষা রাখেনা
1,ছাএ শিবিরের সময় উপযোগী একটি উদোগ  বিরোধিতার জন্য রিরোধিতা না করে সকলে একত্রে এই কমসূচি তে অংশগ্রহন করা দরকার  বারমার মুসলমানরা আওয়ামিলীগ বিএনপি বা জামাতের না  তারা পৃথিবী সকল মুসলমানদের ভাই বোন
1,অন্যের ফাসি নিয়ে কতটা ভয়ংকর হয়ে উঠেছিল এই দিয়াজ আজ সে নিজেই ফাসিতে ঝুলতে হল  পাপে বাপ কে ছাড়েনা বুঝলেন
1,সব টিভি নাট্য শিল্পীরাই কুকুরের দল ভারতের নাটক গুলো বাংলার মা বোনদের খারাপ করা বোঝেনা সে বোঝেনা পাখি সিরিয়ালের সময় শিল্প কি নিচে ঢুকানো ছিল   কই মালাউন চঞ্চল   যদি বন্ধ হয় তবে ভারতে সিরিয়ালের সময় আগে মালাউনদের মুখ খোলা নাস্তিক তৌকির বর্তমানে বাংলার টিভি নাটকে মেয়ে শিল্পীদের ড্রেসের কাহিনী দেখলে ভারতকেও হার মানায় এগুলো পরিবর্তন কর
1,অ্যাটনি জেনারেল পদত্যাগ করলে রাজাকারদের ফাসি দেবে কে
1,দালাল কোথাকার তর য দি লজ্জা থা কে ঐক্যের বেপা রে একটা কথা বল বি না
1,সে গন্ধ নেওয়ার জন্য মালাউনরা দৌরে
1,আমার মনে হয় আপনি দু লাইন বেশি বুঝেন চীন আছে বলেই পাকিস্তান আপনাদের বাঁশ দিতে পারে আর চীনের হাত যার মাথার উপর সে মাথা তুলে দাড়াচ্ছে আফ্রিকার অনেক দেশ চীনের কাছ থেকে সুবিধা নিচ্ছে পাকিস্তানের অস্ত্র চীনের দান অবশ্য এটা মানতে হবে যে ভারত আমাদের ভাল বন্ধু
1,এবং জামাত শিবির কে নিয়ে সম্মেলন করুক পাকিস্তান
1,শুধু বাংলাদেশ আর ভারতের লড়াইয়ে ভারত এগিয়ে
1,বাল পাকনা ভালো  এত বেশি বাল পাকনা ভালো না
1,তুই মরবি  হাসপাতাল নিয়ে যাবার জন্য সবাই কে ডাকবি কিন্তু কাউকে পাবি না  সবাই ভাববে প্রাংক
1,রোহিঙ্গাদের এই সমস্যা দীর্ঘদিনের যা কিনা শুধু বাংলাদেশ নামক রাষ্টটি তার বর্ডার খুলে দিলেই সমস্যার সমাধান হবে না রোহিঙ্গাদের নিয়ে আন্তর্জাতিক একটি গুষ্ঠি এক ধরনের খেলা খেলতেছে যা কিনা আপনাদের মত আবেগীরা ঠিক মত বুঝে উঠার আগেই চিল্লাইয়া ভরে ফেলছেন এরা মুসলিম এরা আমাদের ভাই এদের কে জায়গা দেওয়া হোক আগেরা বাগেরা টাইপের আবেগী কথা বলে  শুনেন রোহিঙ্গাদের আশ্রয়ের সাথে মুক্তিযুদ্ধের সময়ের বাংলাদেশের শরনার্থীদের ভারতের আশ্রয় তুলনা করে যখন কথা বলেন তখন শিউর হই আপনি শধু একজন উগ্রবাদী আর কিছু না
1,গরুর হাটের ধোলাই ও মাফ চাওয়াটা কেমন ছিলো  আবাল
1,পৃথিবীর মাঝে সবচেয়ে অভদ্র আর জানয়ার বলতে একটা দেশই রয়েছে তার নাম পাকিস্তান আর বাংগালী এক জানয়ার কমেন্টে লিখেছে টাকা ফেরত দিতে এইহল আমাদের বাংলাদেশ আর রাজাকার তবে আমার মতে যারা পাকিদের সুরে গানগায় তাদের পাকিস্তান চলে যাওয়া উচিত আমরা বিরেরজাতি হারতে শিখিনী বিজয়ী হয়েছি সেটাও যানা আছে তাদের সেই সাহস নেই টাকা চাওয়ার কুত্তা শুধূ ঘৈও ঘৈও ই করতে যানে আর কুত্তাকে কিভাবে ঔষদ দিতে হয় ভাঙালিরা যানে
1,তসলিমা নাসরিনের মত তুমি ও টাকা পাও কাফের
1,সেটা কোর্টে বল ভারতে আসতে এত ভয় কিসের  বাপ মারা গেলো তাও এলিনা  এখন সাম্প্রদায়ীক তাস খেলছিস  এতে কোনো লাভ হবে বলে মনে হয়না  পারলে ভারতে আয় কোর্টে যা নিজেকে নির্দোষ প্রমান কর
1,মেয়েরা বেকুবই হয় নতুন কিছু না হা হা হা
1,মাননীয় প্রধান মন্ত্রী আপনাকে বলছি স্বরন করুণ সেই এর কথা যেদিন আমাদের দেশের জনগণ এরুপ একটি পরিস্থিতির মোকাবিলা করেছিল আমাদের দেশের অসহায় জনগণ সেদিন বিধর্মী রাষ্ট্র ভারত তাদের সিমান্তকে উন্মক্ত করে দিয়ে কোটার ও বেশি স্বরনার্থীকে আশ্রয় দেয় কিন্তু পরিস্থিতি অনুকুলে আশায় বাংলার জনগণ আবার বাংলায় ফিরে আর আমি ও চায় এই রোহিঙ্গাদের এমন একটি সুজোগ দেওয়া হোক দুর্দিন সারাজীবন থাকেনা সু দিন ও আসে যেমনি এসেছে বাংলাদেশের আরা সেই দিনের কথা স্বরন করে ভারতকে আজও সম্মানের আসন উন্মক্ত করে দেওয়া হয় আমি
1,ওই কুকুরের বাচ্চা মেয়ে দেখলে দন খারা হয়ে যাই নাকি সালার
1,ভারতীয় সীমান্তরক্ষী বাহিনী বিএসএফ চীন সীমান্তে দুইজন চীনা নাগরিককে গুলি করে কি হত্যা করতে পারবে  নিশ্চই না  চীনা নাগরিককে গুলি করে হত্যার সঙ্গে সঙ্গেই যুদ্ধ শুরু হত  পাক ভারত সীমান্তেও ভারতীয় সীমান্তরক্ষী বাহিনী এই দুইজন পাকিস্তানী নাগরিককে গুলি করে হত্যা করতে পারবে না  বাংলাদেশ ভারতের বন্ধু রাষ্ট্র বাংলাদেশ ছোট রাষ্ট্র পাকিস্তান চীনের মতো শক্তি বাংলাদেশের নাই  মানলাম যে দুজন বাংলাদেশি বিএসএফের গুলিতে নিহত হয়েছে তারা চোরাকারবারি মাদক ব্যবসায়ী হয়তোবা তারা গরু আনতে গিয়েছিল ভারতের সীমান্তে
1,এমন একটা পাইলে এক কম করে হলেও এক রাতে চারটি সট দিতাম
1,এরা আসলেই রাজাকার তাই না কখন ও বড়ুই গাছে উঠছেন না উঠে থাকলে আজই গাছে উঠে দেখবেন নিচের দিকে একজন কে কয় জন দেখা যায় রাজাকার বলছেন বি এন পি কে দেখুন তো এদের নাম জানেন কি খনদকার মোশারফ যিনি শেখ হাসিনার বেয়াই মহিউদদিন আলমগীর মোজাফফর যিনি আওয়ামীলীগ এর সভাপতিমনডলির সদস্য আরো দেখাবো না জানি কষট পাবেন মনে রাখবেন কথায় বলে এক মাঘে শীত যায় না মাঘ আবার ঘুরে ফিরে আসবেই যতোটুকু লিখলাম তার ভিতর সুই ডুকানোর হিমমত থাকলে বলবেন আমায় আমি মুক্তিযোদ্ধা আমাকে করা কষট ক
1,বড় ধোঁকাবাজ  তারা কাফেরদের পক্ষে বড় আগুয়ান গলাবাজ আর মুসলিম নির্যাতনের বিরুদ্ধে তাদের মুখে ঠুসি পরানো থাকে  পশ্চিমাদের একনিষ্ঠ দালাল  আল্লাহর দুশমন  এখন শেষ বেলায় এসে খুব দরদ দেখানো হচ্ছে  এসব ভন্ডামি আমরা বুঝি কোথায় গেছে আজ জাতিসংঘ  ওয়াইসিও কোথায়   হিন্দু নির্যাতিত হলে ভারত কাঁদে খৃষ্টান হলে আমেরিকা কাঁদে ইহুদি হলে ইজরাইল কাঁদে বৌদ্ধ হলে চীন কাঁদে মুসলমান নির্যাতিত হলে কোন দেশ কাঁদে না মিয়ানমারে রোহিঙ্গাদের প্রতি বর্বর নির্যাতন দেখে আমাদের কি একটুও মন কাঁধে না   এই কেমন ন
1,কিছু লিখলেই জিয়া পরিবার বিএনপি রাজাকার শিবির জামাত আরে ভাই এটা গনতন্ত্রদেশ সবাইকে বলার অধিকার দিয়েছে তাই আমি বলেছি  তাতে আপনাদের গাঁ জলে কেন  চোরের মন পুলিশ পুলিশ তাই না
0,মার্চ তেরো দুই হাজার চৌদ্দ পর্যন্ত পুস্তিকাটি আঠারো হাজার তিনশো বার ডাউনলোড করা হয়েছে এবং গণনা করা হয়েছে
0,"বুকলেটের ডাউনলোড বাড়াতে সাহায্য করার জন্য, সমস্ত স্টর্মফ্রন্টার যাদের ইউটিউব অ্যাকাউন্ট আছে, তারা তাদের আপলোড করা ইউটিউব ভিডিওগুলির বর্ণনা বাক্সে নিম্নলিখিত পাঠ্যটি প্রদর্শন করতে পারলে এটি দুর্দান্ত হবে"
0,আপনার ইউটিউব ভিডিওর বর্ণনা বাক্সে নিচের লেখাটি কপি করে পেস্ট করুন
1,পশ্চিমা সভ্যতার ইহুদিবাদী-ইঞ্জিনিয়ার্ড ইচ্ছাকৃত ধ্বংসের উপর একটি রঙিন চিত্রিত একশো বত্রিশ পৃষ্ঠার ই-বুক বিনামূল্যে ডাউনলোডের জন্য নীচে ক্লিক করুন
0,ডাউনলোড সাত দশমিক বিয়াল্লিশ এমবি সবুজ ব্যানার লিঙ্কে ক্লিক করুন
0,চৌদ্দ ফেব্রুয়ারী দুই হাজার চৌদ্দ তারিখে বুকলেট আপডেট করা হয়েছে
0,এখন আঠারো হাজার তিনশো টিরও বেশি ডাউনলোড সহ
0,তাহলে কেন শুধু এই টেক্সট এবং লিঙ্কগুলি অনুলিপি করবেন না এবং আপনার ইউটিউব ভিডিওগুলির বর্ণনা বাক্সে পেস্ট করুন
0,একত্রিশ শে ডিসেম্বর দুই হাজার তেরো পর্যন্ত পি এস টি সকাল আট টায় পুস্তিকাটি ষোল হাজার দুইশো সত্তর বার ডাউনলোড করা হয়েছে এবং গণনা করা হয়েছে
0,বুকলেট ডাউনলোড বাড়াতে সাহায্য করার জন্য যদি সমস্ত স্টর্মফ্রন্টার যাদের ইউটিউব অ্যাকাউন্ট আছে তারা তাদের আপলোড করা ইউটিউব ভিডিওগুলির বর্ণনা বাক্সে নিম্নলিখিত পাঠ্যটি প্রদর্শন করতে পারে তবে এটি দুর্দান্ত হবে
1,পশ্চিমা সভ্যতার ইহুদিবাদী-ইঞ্জিনিয়ার্ড ইচ্ছাকৃত ধ্বংসের উপর একটি রঙিন চিত্রিত একশো বত্রিশ পৃষ্ঠার ই-বুক বিনামূল্যে ডাউনলোডের জন্য নীচে ক্লিক করুন
0,ডাউনলোড সাত দশমিক বিয়াল্লিশ এমবি লিঙ্কে ক্লিক করুন
0,পুস্তিকা নয় ডিসেম্বর দুই হাজার তেরো তারিখে আপডেট করা হয়েছে
0,এখন ষোল হাজার এর বেশি ডাউনলোড
1,সে ইহুদী হতে পারে বা নাও হতে পারে তবে সে অবশ্যই বোকা সে মনে হয় কালোরা তাকে অন্য শ্বেতাঙ্গদের সাথে মেরে ফেলবে না তারা তাদের নোংরা হাত পেতে পারে কি একটি মাপেট
0,এগুলি এমন ধরনের গল্প যা বেশিরভাগ সময় ভারত এবং পাকিস্তান থেকে বেরিয়ে আসে
1,শুধুমাত্র কালোরা যদি অনুসন্ধানী সাংবাদিকতা নিয়ে আসতে পারে তবে আফ্রিকা থেকে কী বের হবে তা ঈশ্বর জানেন
0,অনুগ্রহ করে এই পোলে ভোট দিন আপনি কি প্রকাশ্যে তাদের নিন্দা করবেন যারা নারী ও শিশুদের হত্যার পক্ষে
1,আমাদের তথাকথিত জাগ্রত ভাইদের মধ্যে পোস্ট পড়ে তারা যা দেখছে তা না দেখা পর্যন্ত ইহুদিরা আমাদের কতটা বোকা মনে করে তাতে আমি অপমানিত
0,অনেক ধার্মিক লোক তাদের প্রোগ্রামিং অনুসরণ করছে সামান্য ব্যক্তিগত ব্যাখ্যার সাথে মিশ্রিত এবং তাদের মাথায় একটি বা দুটি ভয়েস
0,আমরা বিশ্বের প্রতিটি শ্বেতাঙ্গ জাতির লোকেদেরকে তেরো অক্টোবর শনিবার রাতে হোয়াইট ন্যাশনালিস্ট ফ্লায়ার বিতরণ করার চেষ্টা করছি
0,আমরা কি আপনাকে গণনা করতে পারি
0,এগুলি এই সাইটগুলি থেকে ডাউনলোড করা যেতে পারে
0,হ্যাঁ আপনি এটা বিশ্বাস করতে পারেন সেদিন রাস্তায় প্রচুর মানুষ এই ইহুদী সরকারের বিরুদ্ধে প্রতিবাদ করবে যা আমাদের এখানে আছে
1,এটা কি আপনাকে অবাক করে যে ইহুদিরা ভোলাপ্রথা প্রচার করে
1,এটি সঙ্গীত রেস মিক্সিং এবং পর্নোগ্রাফির প্রচারের শীর্ষে হাঙ্গেরিয়ানদের ধ্বংস করার আরেকটি উপায়
1,"আমি হাঙ্গেরি থেকে আমার বন্ধুদের সাথে বুদাপেস্টে গে প্যারেডে মারামারি দেখেছি আমরা একসাথে একটি ক্রোয়েশিয়ান দ্বীপে ছুটিতে ছিলাম হাঙ্গেরিয়ান জাতীয়তাবাদীরা কীভাবে সমকামীদের প্যারেড ধ্বংস করছে তা দেখে আমার কিছুটা হাঙ্গেরিয়ান রক্ত ​​আছে, আমার দাদি হাঙ্গেরিয়ান ছিলেন কিতার্তাস"
0,হ্যালো আমি আগামী কয়েক সপ্তাহের মধ্যে ইউরোপে যাওয়ার কথা ভাবছি এবং আয়ারল্যান্ড এবং পূর্ব ইউরোপের মধ্যে সিদ্ধান্ত নেওয়ার চেষ্টা করছি
0,আমি যদি পূর্বে যাই তবে অসুস্থ অবশ্যই বুদাপেস্টে যাবেন যদি আপনি দেখা করতে চান তবে আমাকে বিনা দ্বিধায় বিরাম দিন
1,আমি বছরের পর বছর ধরে এটি সম্পর্কে কথা বলছি নোংরা মুসলিমরা তাদের দৃষ্টি আফ্রিকার দিকে নিচ্ছে কিছু উপায়ে তারা কালোদের চেয়ে খারাপ
0,এইমাত্র একটি ভিডিও দেখেছি যেটি আমি আপনাদের সাথে শেয়ার করব ইউটিউব হোয়াইট জেনোসাইড ইন আফ্রিকা দ্য শুরু অফ দ্য শেষ
0,আমিও বৃত্তাকার দেখতে চাই এই বছরের শেষের জন্য এটির পরিকল্পনা করছি শুধু একটি বৃত্তাকার তাকান বাতাস থেকে একটি সুন্দর দেশ বলে মনে হচ্ছে
0,তথ্যটির জন্য আপনাকে ধন্যবাদ আমি স্পষ্টভাবে তাদের মধ্যে তাকান হবে
0,আমি আশা করি আরও একটির জন্য জায়গা আছে কারণ আমি এটি সম্পর্কে খুব উত্তেজিত
1,আমাদের কাছে প্রহিবিশন অফ ফরেন মিলিটারি অ্যাসিসট্যান্স অ্যাক্ট নামে একটি ছোট্ট আইন রয়েছে যা দক্ষিণ আফ্রিকায় mercsদের কাজ করা নিষিদ্ধ করে কাফের জেলে পাঁচ বছরের নরকের যন্ত্রণা নিয়ে
0,এছাড়াও আমি মনে করি ব্যবহারকারীর নাম হিসাবে আমার আসল নাম ব্যবহার করে আমি একটি বোবা কাজ করেছি যাই হোক আমি এটা পরিবর্তন করতে পারি
0,দয়া করে উপদেশ দাও
0,শনিবার থার্ড ডিস্ট্রিক্টে শো করতে যাচ্ছি আমি যাবার চেষ্টা করছি কিন্তু সম্ভবত বাড়ি যেতে হবে ধন্যবাদ
0,আমি এখন পুকুরের ওপারে ফিরে এসেছি এবং আমি আসলে সতেরো তম জেলায় ছিলাম কিন্তু ধন্যবাদ
0,ঠিক আমি এখানে একা দাঁড়িয়ে আছি
0,অন্যদের কোট লেজ অশ্বচালনা ছাড়া আমার মতামত ভয়েস
0,আপনি যদি চান উপর দখল স্বাগত জানাই
0,আমার হৃদয় আপনার বাইরে যায়
0,সত্য আপনার কাছে যাওয়ার জন্য টাকা থাকতে হবে কিন্তু মনে হচ্ছে কেউ আপনাকে সাহায্য করছে না
0,এই বছর সম্মানের দিনটি ভাল ছিল আমরা পরের বছর ফিরে আসব ফ্ল্যান্ডার্স বেলজিয়াম হিল হঙ্গেরি হিল ফ্ল্যান্ডার্স হেইল ব্লাড বিশ্বব্যাপী একটি সম্মান
0,আমি জানি তুমি কী বোঝাতে চাও
0,মাঝে মাঝে আমি এখানে টেলিভিশন দেখি এবং ক্যামেরা ম্যান কিছু আমেরিকানকে জিজ্ঞেস করে কানাডা কোথায় বেশিরভাগই জানে না
0,সম্মান দিবস নিয়ে ভিডিওটি সত্যিই চমৎকার
0,প্রতিবার যখন আমি এই ভিডিওগুলি দেখি বা আমার বন্ধুরা সাথীরা আমাকে এটি সম্পর্কে বলে আমার সবসময় খারাপ লাগে যে আমাকে এখানে থাকতে হবে বিশ্ববিদ্যালয়ের কারণে
0,আমি ভিডিওটি দেখেছি এবং আমার পর্যবেক্ষণ হল যে সঙ্গীতের সাথে বুলগেরিয়ার সাথে খুব কম মিল রয়েছে
0,কিন্তু নাচ নিজেই উপাদান আছে এটি বুলগেরিয়া পাওয়া গেছে
0,আমাকে এখন যেতে হবে তবে যত তাড়াতাড়ি সম্ভব পোস্ট করব
0,আমি মনে করি তার কাছে মৃত্যুর অভিজ্ঞতা ছিল এবং তিনি দেখেছেন যে তিনি কোথায় যাচ্ছেন এবং এখন তিনি মরিয়া দৃঢ়তার সাথে জীবনকে আঁকড়ে ধরে আছেন
0,আমি মনে করি এটি একটি নতুন আপডেটের সময়
0,কেন স্টর্মফ্রন্ট জিনিস এই ধরনের জন্য একটি বিভাগ নেই
0,একটি নয়শো এগারো বিভাগ আছে
0,আপনি ভবিষ্যদ্বাণী জন্য একটি তৈরি করতে পারে
1,আমি একটা জিনিস জানি আফ্রিকার জন্য কোন শ্বেতাঙ্গের কখনোই একটা নিকেল বা সেকেন্ড চিন্তা করা উচিত নয় কারণ তারা মন্দ দিয়ে ভালোর প্রতিদান দিয়েছে
1,কানাডায় সাদা মানুষের কোনো ভবিষ্যত নেই এটা নিশ্চিত কারণ দেশটি অশ্বেতাঙ্গ অভিবাসীদের দ্বারা প্লাবিত হচ্ছে
0,অবশ্যই আমি একটি ব্যান্ড একত্র করব এবং আমরা চমৎকার দেশপ্রেমিক পার্টি নিক্ষেপ করব
0,আমি একজন জাতীয়তাবাদীকে চিনি না
0,এখানে কতজন থাকতে পারে সে সম্পর্কে আমার কোন ধারণা নেই
0,এখানে বেশিরভাগ কানাডিয়ানই বর্ণবাদ বিরোধী এবং যারা তা নয় তারা তাদের অনুভূতি প্রকাশ করতে ভয় পায়
0,দুর্ভাগ্যক্রমে এটি বহুসংস্কৃতির দেশ
0,আমি শুনেছি শ্বেতাঙ্গরা ওরানিয়ায় যেতে চাইলে একে অপরের কাছ থেকে জমি কিনতে পারে
0,একজন সাদা পুরুষের জন্য একটি ছোট প্লট কেনার জন্য কত
0,মার্কিন ডলার দয়া করে
0,আমি এই আবর্জনার টুকরা জুড়ে এসেছি
0,মন্তব্য বলছে সে এসএ থেকে এসেছে
0,সতর্কতা গ্রাফিক
0,"যদিও তারা আবর্জনা দেখায় এবং রেস মিক্সিংকে প্রচার করে, ব্যান্ডের দুই প্রধান ব্যক্তিত্ব সাদা বিবাহিত এবং তাদের একটি সাদা সন্তান রয়েছে"
0,সম্ভবত সবচেয়ে জঘন্য জিনিস যা আমি গত বছরে দেখেছি
0,তার মনে হচ্ছে তার মধ্যে কিছু আফ্রিকান রক্ত ​​আছে অথবা হয়তো এটা শুধু মেকআপ
0,এই শুধু তাই ভুল
0,সাদা আফ্রিকানের মতো কী জাহান্নাম তার নাম
0,লেডি গাগা
0,শুধুমাত্র যদি তারা পাঞ্চ বাটি থেকে তাদের সম্মিলিত মাথা বের করে এবং বিশ্বে কী ঘটছে তা জেগে ওঠে
0,"শ্বেতাঙ্গরা এখানে অনেক বেশি আরামদায়ক প্রতিটি রাতই পার্টি নাইট, তাই কথা বলতে হবে"
0,এসএ তে আমাদের ভাই ও বোনদের অবশ্যই তাদের অবস্থানে দাঁড়াতে হবে কারণ তারা তাদের পূর্বপুরুষদের রক্ত ​​ও ঘাম দিয়ে উপার্জন করেছে
0,কী ঘটতে চলেছে তা বলা কঠিন তবে এক বা অন্যভাবে আমি মনে করি দক্ষিণ আফ্রিকার শ্বেতাঙ্গদের দেশ থেকে বেরিয়ে যাওয়া উচিত এবং কানাডা বা অস্ট্রেলিয়ার মতো নিরাপদ স্থানে যাওয়ার চেষ্টা করা উচিত
1,যদি শ্বেতাঙ্গরা দক্ষিণ আফ্রিকায় কিছু শ্বেতাঙ্গকে পিছনে রেখে প্রচুর সংখ্যায় চলে যায় তবে দেশটি পাহাড়ের নিচে যেতে শুরু করবে এবং তারপরে আরও শ্বেতাঙ্গরা দেখতে শুরু করবে যে নিগ্রোরা কী ক্ষতিগ্রস্থ এবং তারা কীভাবে তাদের দেওয়া হয়েছে তা বজায় রাখতে পারে না
0,রবি মজার এবং তার সাথে আমার কোন সমস্যা নেই
0,এটি আপনার সাধারণ আফ্রিকান সঙ্গীত
0,আমরা সবাই একটা নাচ করতে পারি এবং কিছুক্ষণের জন্য ভালো বোধ করতে পারি
0,শুধুমাত্র দুইজন স্পষ্টভাষী শিল্পী আছেন স্টিভ হফমেয়ার এবং সুনেট ব্রিজস
0,আমি এই ভিডিওটি পছন্দ করি ডাই এন্টওয়ার্ড ফ্যাটি বুম বুম অফিসিয়াল ভিডিও মেয়েটি কালো মুখে পোশাক পরে আফ্রিকাকে অসভ্য দেখায় এবং লেডি গাগাকে নিয়ে মজা করে
0,আমি তাদের সাক্ষাৎকার দেখেছি এবং তারা নোংরা বলে মনে হচ্ছে
0,তারা সবাই পাগলের মতো ধূমপান করে বিশেষ করে থ্রি স্টুজেস চুল কাটা মেয়েটি
0,শ্বেতাঙ্গদের সংখ্যা চার দশমিক আট মিলিয়নের মধ্যে বেশি
0,আমি বিশ্বাস করি এটি বেশি হতে পারে যেহেতু আমি রিপোর্ট পড়েছি যে বিশেষ করে ফ্রি স্টেটের শ্বেতাঙ্গদের সর্বশেষ আদমশুমারিতে গণনা করা হয়নি
0,খাদ্য এবং জল স্পষ্টতই খুব গুরুত্বপূর্ণ হবে এবং এটিকে রক্ষা করার উপায় কী একটি প্রতিরক্ষা বাহিনী  তারা সবাই ভূতুড়ে আপিংটনে ক্যাসপারকে হাই বলুন কী ভাল আত্মা
0,আমি আনন্দিত যে আপনি এই জিনিসগুলিতে হাঁটতে পারেন
0,শেষবার আমি অর্ধেক উঁচু কিছু পরেছিলাম আমি প্রায় আমার গোড়ালি এবং ঘাড় ভেঙে ফেলেছিলাম
0,আমি আমার জীবনের পরবর্তী সময়ে দক্ষিণ আফ্রিকার একটি কলেজে পড়াশোনা করতে চাইছি
0,দক্ষিণ আফ্রিকায় কি সংখ্যাগরিষ্ঠ সাদা বিশ্ববিদ্যালয় আছে
0,আমি ইউনিভার্সিটি অফ কেপ টাউনের ওয়েবসাইট দেখেছি এবং দেখেছি তাদের কতজন সাদা ছাত্র আছে প্রায় চল্লিশ শতাংশ
0,মার্কিন যুক্তরাষ্ট্রে এই কমিউনিস্ট নিগ্রো সন্ত্রাসীর জন্য পতাকা অর্ধেক স্টাফের জন্য আদেশ করা হবে এমন সম্ভাবনা কী
0,আমি সম্মত আমাদের বেশিরভাগ শ্বেতাঙ্গ জাতিতে এই ধরনের গোষ্ঠীর প্রয়োজন প্রতিকূল নৃতাত্ত্বিক গোষ্ঠীগুলির আক্রমণ থেকে নিজেদের রক্ষা করার জন্য যারা এটির মুখোমুখি হতে দেয় শ্বেতাঙ্গদের পছন্দ করে না
0,বর্ণবৈষম্যের অবসানের পর থেকে যা ঘটেছিল তা আমাকে অবাক করে দেয় কিভাবে দক্ষিণ আফ্রিকার শ্বেতাঙ্গরা এখনও ম্যান্ডেলার দিকে তাকাতে পারে
0,ডন ম্যাকঅ্যালভানির বিপ্লব এবং বিশ্বাসঘাতকতার সন্ধান করুন সন্ত্রাসী পিগকে হাজার হাজার গ্রেনেড এবং অ্যান্টিপারসোনেল মাইন সহ হাতেনাতে ধরা হয়েছিল
0,তার কমি ইহুদি হ্যান্ডলার ছিলেন জো স্লোভো
0,শুনতে থাকুন তিনি কতটা চমৎকার ছিলেন এবং কেউ তাকে খ্রীষ্টের সাথে তুলনা করেছেন
0,তিনি একজন সাধু ছিলেন স্পষ্টতই আশা করি এসএ তে আমার সাদা ভাই এবং বোনদের সাথে খারাপ কিছু ঘটবে না নিরাপদে থাকুন
0,শ্বেতাঙ্গ গণহত্যা সম্পর্কে কিছুই গ্রহণযোগ্য নয় বিশেষত এই সত্য যে মূলধারার মিডিয়া অপরিহার্যভাবে এটির অস্তিত্ব অস্বীকার করে
0,আপনি এটা সব ভুল পেয়েছেন
0,শ্বেতাঙ্গ জাতীয়তাবাদ একগুচ্ছ জাতীয়তাবাদীদের সম্পর্কে নয় যারা সাদা হতে পারে
0,এটা সংস্কৃতি নির্বিশেষে শ্বেতাঙ্গ জাতি সংরক্ষণ এবং সুরক্ষা সম্পর্কে
0,হ্যাঁ এবং ইতিমধ্যে আপনি ভুলে গেছেন যে আপনি একটি জাতির অন্তর্ভুক্ত
0,আমি ধরে নিয়েছি যে আপনার জাতি এতটাই বাজে কথা মনে রাখার মতো নয়
0,কালো শ্রমিকদের বরখাস্ত করা এবং শিবির থেকে শ্বেতাঙ্গদের নিয়োগ করা কি ভালো হবে না
0,অথবা আমি জানি না কিছু কারণে এটি অবাস্তব
0,দ্বিতীয় বিশ্বযুদ্ধে হাঙ্গেরি ন্যায়বিচারের জন্য
0,ট্রান্সিলভেনিয়ায় হাঙ্গেরীয় সেনাবাহিনীর আক্রমণ ক্লুজের সাজসজ্জা এক হাজার নয়শো চল্লিশ ট্রান্সিলভেনিয়ায় হাঙ্গেরিয়ান সেনাবাহিনী এক হাজার নয়শো একচল্লিশ হাঙ্গেরিয়ান সৈন্যরা ইউক্রেনে প্রবেশ করে আমার মহান পিতামহ দ্বিতীয় বিশ্বযুদ্ধের সময় হাঙ্গেরিয়ান সেনাবাহিনীতে যুদ্ধ করেছিলেন
0,তিনি এটি থেকে বেঁচে গিয়েছিলেন শুধুমাত্র তার দেশকে আবারও টুকরো টুকরো হতে দেখেন এবং কমিউনিজমের অধীনে পড়েন যার বিরুদ্ধে তিনি লড়াই করেছিলেন
0,তারা যে ব্যথা অনুভব করেছে তা আমরা কখনই বুঝতে পারব না
0,বাহ দেখুন কিভাবে তারা এই ধরনের ঘৃণার প্রচার করে তারপর তারা ভাবছে কেন আমাদের মধ্যে বেশিরভাগই তাদের আফ্রিকাতে ফিরে যেতে চায়
0,এখানে একটি সাইট যা সাদা অপরাধ এবং অধঃপতনের সংবাদ নিবন্ধগুলি সংকলন করে
0,আমি মনে করি এটি এসএফ এর সংবাদ এবং নিবন্ধ ফোরামের তাদের সংস্করণ
0,সাদা ঘড়ি
0,আমাকে সর্বদা বলা হয়েছে যে কমিউনিস্ট সরকার পদত্যাগ করার পর থেকে ভোজভোডিনায় হাঙ্গেরিয়ানরা অভিজাতদের মতো জীবনযাপন করে প্রচুর ক্ষতিপূরণের অর্থ দিয়ে
1,আপনি যদি শুনতে চান একজন কালো বুদ্ধিজীবী কেমন শোনাচ্ছে এই ভিডিওতে ডঃ উইলিয়াম শকলিকে নিয়ে বিতর্ক করার চেষ্টা করা মহিলাটিকে দেখুন
0,উইলিয়াম শকলে রেস আইকিউ এবং ডিসজেনিক্স  ইউটিউব
0,আমি মনে করি এই জগাখিচুড়ির সবচেয়ে বেদনাদায়ক অংশটি হল কোন বন্ধ হবে না বরং একটি মৃত কুকুরকে টেনে নিয়ে যাওয়া হচ্ছে মানুষকে সংক্রমিত করার জন্য
0,অ্যাপেলান্টার একশো সত্তর জন কৃষ্ণাঙ্গ শিক্ষক ষড়যন্ত্র করেছিলেন এবং কৃষ্ণাঙ্গ ছাত্রের পরীক্ষার উত্তর পরিবর্তন করেছিলেন যাতে তাদের রাষ্ট্রীয় পরীক্ষায় উত্তীর্ণ হয়
0,আমি নব্বই এর দশকের শেষের দিকে জ্যাকসন মিসিসিপি পাবলিক স্কুল সিস্টেমের বিকল্প শিক্ষক ছিলাম
0,দুই টা ত্রিশ এ আমি যেতে প্রস্তুত ছিলাম
0,আমার গাড়ী ব্যাক আপ এবং একটি থাপ অনুভূত
0,না তাকিয়ে আমি তাদের একটি গাড়িতে আঘাত করেছি এবং এখন আমি মারা যাচ্ছি কিন্তু আমার স্বস্তির জন্য এটা নিছক একটি আলোর খুঁটি ছিল
0,আমি এই সমস্ত শিক্ষকদের সাথে দেখা করেছি এবং দেখেছি যারা এই সমস্ত কালো স্কুলে কাজ করেছেন এবং তাদের কিছু ভয়ঙ্কর গল্প
1,আমিও দুর্ভাগ্যবশত নব্বই শতাংশ বানরের বাড়িতে সপ্তম থেকে অষ্টম শ্রেণী কাটিয়েছি
0,মজা না 
1,এটা সত্যিই এতটা বিপজ্জনক পার্সেস ছিল না শুধু দুর্গন্ধযুক্ত এবং বোবা দরিদ্র পাঁচ শতাংশ শ্বেতাঙ্গ বাচ্চাদের সাথে বিতাড়িত যা তাদের কিছু গুন্ডা এবং পাগল করে তুলেছিল
0,আমি শ্বেতাঙ্গ শিক্ষকদের এবং বিশেষ করে শ্বেতাঙ্গ বাচ্চাদের জন্য অনুভব করেছি যারা স্কুলে গিয়েছিল
0,একটি স্কুল যা দাঁড়িয়েছিল তা হল একটি প্রাথমিক বিদ্যালয় যেখানে আমাকে পাঠানো হয়েছিল যেটি একশো শতাংশ কালো ছিল
1,আমি মূলত একজন বেবিসিটার ছিলাম এবং বনমানুষরা পাগল হয়ে গিয়েছিল এবং সত্যি বলতে আমি তাদের নিয়ন্ত্রণ করতে পারিনি এবং আমাকে সাহায্য করার জন্য কাউকে পেতে দুবার প্যানিক বোতাম টিপতে হয়েছিল
0,দুপুরের খাবার ছিল পরাবাস্তব
0,বাচ্চাদের কথা বলতে দেওয়া হয়নি
0,মোটেও
0,নীরবতা
1,সে তো বরিশালের ছেলে কিন্তু কেমন করে নিজের বিভাগকে হারিয়ে দিল সে তো বড় রাজাকার সাবিবর
0,এটি আচরণ নিয়ন্ত্রণের জন্য প্রয়োগ করা হয়েছিল
1,সত্যি জামদানী শাড়িতো ভারতী বাংলা সিরিয়ালে সবসময় দেখি
1,ছুটির জন্য বাইরে গিয়েছিলাম এবং লক্ষ্য করেছি যে দুটি নিগলেট ছেলে প্রতিকূল এবং গর্জন করার জন্য প্রস্তুত এবং আমি ঠিক বুঝতে পেরেছিলাম যে তারা ক্লাসে ফিরে আসার পরে একে অপরের উপর ঝাঁপিয়ে পড়ে নিগলেট নম্বর ওয়ানকে ধরে তাকে বাইরে নিয়ে গিয়ে আবার সেই আতঙ্কের বোতাম টিপে।
1,বাংলাদেশে যদি হিন্দুদের উপর কোন সহিংসতা ঘটে তাহলে ভারত উদ্বেগ জানায় শুধু ভারত নয় বাংলাদেশেও অনেক মানবাধিকার কর্মি এবং বিশিষ্ট জনেরা চিন্তিত থাকে  কিন্তু ভারতে এবং অন্যান্য দেশে যদি কোন মুসলমানের উপর অত্যাচার করা হয়  তখন কোন মানবাধিকার কর্মি এবং কোন বিশিষ্ট জন খিজে পাওয়া যায়না তখন তারা কিছু দেখতে পায়না শুনতেও পায়না
0,আমার খালা কেন্টের অল ব্ল্যাক ইনার সিটি স্কুলে পড়ান ওহ
1,ভারত একটা হিন্দু রাষ্ট্র হয়ে মুসলিমদের সাহায্য করেছে ঠাই দিয়েছে আবার শত্রুর বিরুদ্ধে যুদ্ধ করেছে আর বাংলাদেশ মুসলিম হয়ে মুসলিমদের সাহায্য করতে পারেন না
0,সে সাদা
1,খানকির পোলার ওর আব্বা এক গোল দিলেই যাদু তোগের বিচারিক ঞ্জানের দোন ও নেই শালারা ওই দিন একাই পাচ পাচ টা গোল দিছে তার কোন খবর নেই
0,কয়েকজন শিশু তৃতীয় তলার জানালা থেকে একজন শিক্ষকের ওপর একটি ডেস্ক ছুড়ে ফেলে এবং তার হাত ভেঙে দেয়
1,পুরা বেশ্যা মাগী
0,সে প্রতিদিন গালিগালাজ করে
1,তারিফ হাসান রেন্ডিয়াতে কি তুরে মাকে ভাডা দেচ  মালাউনের বাচ্চা মুস্লিমদের প্রতি দরদ নাই শালা মুনাফেক মাদারিচুদ
0,কেউ তার গাড়ির আঁচড় দিয়ে একদিন টায়ার থেকে বাতাস বের করে দিল
1,রবিন তোমার জন্ম মনে হয় ভারতে
0,তিনি বলেন ক্লাস নিয়ন্ত্রণের বাইরে চলে গেছে এবং বাচ্চারা শেখার অযোগ্য এবং কালো প্রশাসন তাকে সমর্থন করে না
1,বাংলাদেশর সরকার অন্ধ আর ভারত সরকার কানা
1,এই প্রচারকের কথা শুনতে ভালো লাগে কিন্তু কালো প্রচারকদের কেন সবসময় চিৎকার করতে হয়
1,ঐ খানকির বাচ্চা সময় টিভি তোদের কে জুতা পিটা করব এরা অসহায় মানুষ এদের নিউজ তৈরী করতে রাত জাগস অথচ ভারতের অবৈধভাবে এনে এই দেশে পুলিশের চাকরি দিছে সেই নিউজ কই ভালো হয়ে যা
0,আমি এখনো বধির নই
1,হু ঠিকি বলছেন ভারত যদি এর জবাবে রানে অল আউট হয় তাহলে এর বেশি রান করার কি দরকার আছে
0,আপনার গল্প পোস্ট করার জন্য আপনাকে ধন্যবাদ
1,মাগি যা দুধ রে   সব খুল
0,আমি মনে করি আপনারও একটা বই লেখা উচিত
1,ইন্ডিয়ায় মালাউনরা কুওার সাথে বিবাহ করছে গরুর মূত খায়
1,আমি সর্বদা শিক্ষকতাকে এমন একটি পেশা হিসাবে বিবেচনা করেছি যেটিতে আমি প্রবেশ করতে চাই তবে এমন একটি পাড়ায় নয় কখনই এই ধরনের বাচ্চারা আমাকে বিরক্ত করে
1,অ্যাটনি জেনারেল পদত্যাগ করলে রাজাকারদের ফাসি দেবে কে
1,আর দুঃখের বিষয় হল ওই স্কুলের শ্বেতাঙ্গ ছাত্ররাও এমন আচরণ করবে
1,বাংলাদেশ সরকার এ যুদ্বে নিহত ভারতীয়দের অর্থ দিবে সেটা ভালো কথা কিন্তু এ ভারতীয় সৈন্যরা বাংলাদেশ থেকে যে সম্পর লুট করেছে সেটা কি সরকার ফিরিয়ে আনবে  ফিরিয়ে আনবে কি হাজারো নিরাপরাধ ফেলানীর খুনের মুল্য  পারবে না সরকার মুলত এর মাধ্যমে ভারতীয় গোলামির পরীক্ষায় উৎত্তীর্ন হওয়ার চেষ্টা করছে
0,আমি অনুমান করি যে আমি আমার বাচ্চাদের হোমস্কুলিংয়ে থাকব কখন এবং যদি আমার কাছে থাকে
1,আসোলে বিএনপি একটা রাজাকার সভায় জেনে গেছে
0,সেই ছবিগুলি আমার জন্য বাড়িতে হিট হয়েছে এবং সেই পৃষ্ঠায় থাকা কিছু মন্তব্যগুলি অত্যধিক অজ্ঞতাপূর্ণ
1,আরো কিছু শুহর বাচ্চা তোর আরো তোর বাপ আছে তারাও কিছু করলে সেটা ঠিক আছে আর জাকির নায়েক মুসলিম লীগের তাই সে সন্তাবাধি ভারতে আরো নেতা আছে তাদের দর
1,সর্বত্র মাদক এবং নোংরা নিগ্রোদের সাথে এই পরিস্থিতিতে বেঁচে থাকার কথা আমি কল্পনাও করতে পারিনি
1,আগের সেনা আছিলো পাগল আর এখন এটা পাগল নিউজপেপার জে লিখেছে ওই সালায় একটি ছাগল শালার পো ওই সেনা ভারত চুদেনা মাদার চোদ এই রকম লিকলে তোর নিউজ পেপারে গায়ে জুতা মারি খানকির ছেলে ওরা বয় পায় বলে সেনা বাতিল করেছে তুই শালা বুঝোস নাই ওরা আমাদের সাথেই পারেনাই আরতো ভারত ভারতের একটি বাল আর রাজাকার সমান কথা মাদার চোদ
0,এখানে সে যে রেডিও স্টেশনে কাজ করে সেই লোকটির ব্লগ
1,চুরের মার বড় গলা শালা মালাউনের বাচ্চা প্রতিটা খেলায় তুরা চুরি করছ আবার পাকনামি চুদাছ তুদের লজ্জা বলতে আছে কিছুরে
0,আমি টি পার্টি ভিডিওতে তার উত্তরের নীচে একটি মন্তব্য রেখেছি তবে এটি পড়তে সক্ষম হওয়ার জন্য আমাকে এটি হাইলাইট করতে হবে
1,এরা আসলেই রাজাকার তাই না কখন ও বড়ুই গাছে উঠছেন না উঠে থাকলে আজই গাছে উঠে দেখবেন নিচের দিকে একজন কে কয় জন দেখা যায় রাজাকার বলছেন বি এন পি কে দেখুন তো এদের নাম জানেন কি খনদকার মোশারফ যিনি শেখ হাসিনার বেয়াই মহিউদদিন আলমগীর মোজাফফর যিনি আওয়ামীলীগ এর সভাপতিমনডলির সদস্য আরো দেখাবো না জানি কষট পাবেন মনে রাখবেন কথায় বলে এক মাঘে শীত যায় না মাঘ আবার ঘুরে ফিরে আসবেই যতোটুকু লিখলাম তার ভিতর সুই ডুকানোর হিমমত থাকলে বলবেন আমায় আমি মুক্তিযোদ্ধা আমাকে করা কষট ক
0, বিচ দ্য রক স্টেশন
1,সেসেরটা সুনে মন চেয়েছিলো ওকে জুতাদিয়ে পিটিয়ে
0,এটাই গণহত্যার সংজ্ঞা
1,রেন্ডিয়া নিজের দেশের মানুষের নিরাপত্তা দিতে ব্যর্থ হওয়া সত্ত্বেও বাংলাদেশকে নিয়ে নাক গলায়
0,এটা কি কৌতূহলোদ্দীপক নয় যে কিভাবে গণহত্যা একটি অপরাধ যতক্ষণ না এটি ইউরোপীয়দের সাথে ঘটে
1,এই সব বাইনছোদরে গারানো দরকার
0,রাজি
1,ভারত এসে বাংলাদেশএর সবার ধন লারত
0,এবং একটি শব্দ বা শব্দগুচ্ছকে এমন কিছুতে পরিবর্তন করা যা কম দ্বন্দ্বমূলক মনে হয় আমাদের মধ্যে যারা শ্বেতাঙ্গ বিরোধীদের শিকার তাদের সাহায্য করার জন্য কিছুই করে না
1,ওনার নিজের দেশে ট্রেন দুর্ঘটনায় আজ জন মারা গেছে ওইটার খবর নাই উনি আচ্চে ভারতের খোজ নিতে পালতু সব
0,ইচ্ছাকৃতভাবে একটি শনাক্তযোগ্য গোষ্ঠীকে নির্মূল করার চেষ্টা সাধারণ জ্ঞানের আইনের অধীনে গণহত্যা করার একটি প্রচেষ্টা
1,আগে নিজে লুচ্চামি ছাড়  ভালো হ মানুষের জন্য ভালো কিছু কর তারপর অন্যদের উপদেশ দিস অথবা অন্যের কাজের সমালোচনা করিস
0,আমি আশা করি কেউ একমত হবে না
1,সূচি কে যদি ইচ্ছা মত জুতা পিটা করতে পারতাম একটু শান্তি পেতাম   সূচি আগে ঘর বন্ধি চিল আর এখন সূচিকে বাথরুম বন্দি করে খাওয়া না দিয়ে আটকে রাখা উচিত   এত গুলো অসহায় মানুষ মারার জন্য সূচির ফাসি চাই ফাঁসি চাই ফাঁসি চাই
0,এটা দুঃখজনক যখন মূর্খ আবেদন 2 থেকে 3 সপ্তাহের মধ্যে পূরণ করা হয় যে একটি মৃত্যু তারকা নির্মাণ
1,শেষের টা খানকীর পোলা
0,এই কারণেই তারা আসল বিষয়গুলোকে গুরুত্বের সাথে নেয় না
1,জাগে হে মুসলিম সন্তান জেগে ওঠে এই পিথিবি থেকে মালাউনেরদের নাম চিরতরে মুছে দিতে হবে রেনডিয়ারদের কুত্তার মতো করে মারার জন্য ধন্যবাদ পাকিস্তান সেনাবাহিনী কে দেখা মাত্রই ডাইরেক্ট ফায়ার ধংস হোক সালার রেনডিয়া ও মালাউনরা ইনশাআল্লাহ জয় আমাদের হবেই হবে দেখি সালারা জাই কোন দিকে
0,র‌্যান্ডি ব্লাজ্যাক একজন বিশেষজ্ঞ ঠিকই তিনি স্টার ট্রেকের সমাজবিজ্ঞান পড়ান একটি কৃতিত্বপ্রাপ্ত ক্লাসের ছাত্রছাত্রীদের জন্য প্রকৃত অর্থ প্রদান করে
1,মালুদের রেন্ডিয়া বাল ছিড়ে তারা বাধবে
0,আশ্চর্যের কিছু নেই যে তরুণরা চাকরি পায় না
1,তুই মরলে কুততা দ্বারা কবর দেয়াইস
0,তারা পানির নিচে ঝুড়ি বুনন কোর্স করে এবং তাদের কোন সার্থক দক্ষতা নেই রাগের কারণে এখনও আমার প্রিয় মন্তব্য
1,খানকি মাগি পো রাজনিতি বোজনা সালা হিলারি যগ্য নেতা
0,আমি এখানে রিপোর্ট করছি যে আমি টক রেডিও বা টিভিতে এমন কিছু দেখিনি বা শুনিনি যা এমনকি মার্কিন যুক্তরাষ্ট্র বা ইউরোপ থেকে শ্বেতাঙ্গদের ইহুদি আধিপত্যবাদী জাতিগত নির্মূলের ইঙ্গিত দেয়
1,রেন্ডিয়ান দুখিঃত আমি বইটা না দেখে আঠা দিতে পারব না
0,এবং আমার কাজ আমাকে টক রেডিওর সমস্ত ইহুদি আধিপত্যবাদী নিয়ন্ত্রণ নিরীক্ষণ করতে দেয়
1,নিবির সাব রোহিঙ্গারা অপরাধ করে আর বাংলাদেশের সকল ফিরিস্তা অপরাধ কি জানেনা তোরা মালাউনের বংশধর অসহায় মানুষের ভাষা বুজার সেই মন তোদের নাই
0,রোডাইন ভ্যান ডার ওয়াল্টকে শনিবার রাতে কেম্পটন পার্কে তার বাড়িতে কৃষ্ণাঙ্গরা গুলি করে হত্যা করে
1,হটাত বাংলাদেশের টাকা  ভারতে যায় কেন এটা ভাল করে খতিয়ে দেখা উচিত সরকারী বাবে
0,লন্ডনের শিল্পী দক্ষিণ আফ্রিকায় বিবাহবার্ষিকীর সময় বন্দুকধারীদের থেকে তার পরিবারকে রক্ষা করতে গিয়ে গুলি করে হত্যা করেছে ক্রাইম নিউজ লন্ডন ইভিনিং স্ট্যান্ডার্ড
1,ভারত বাংলাদেশের সাথে খেলার যোগ্যতা রাখে কিনা তা নিয়েই প্রশ্ন আছে  আসুন খেলুন এবং দেখুন বাংলাদেশের রান করার যোগ্যতা আছে কিনা  ভয় পেয়েন না আপ্পায়ণতা ঠিকই করবো
1,সেখানে বসবাসকারী সকলের জন্য আমি খুবই দুঃখিত আশা করি আপনারা সবাই এখানে চলে যেতে পারেন আশা করি জিম্বাবুয়েতে আপনার প্রতিবেশীদের মতো কষ্ট না পান
1,আমরা ভারতের জন্য জীবন দিয়ে দিব হুহু হাহ
1,ইহুদিদের স্বভাব হল সব ধরনের ঐতিহ্যকে অপমান করা এবং আমাদের নারীদের নিজেদের বোকা বানানোর জন্য চাপ দেওয়া
1,আমি এখন ইনশাআল্লাহ সৌদি আরব আছি তারা হল জারজ সন্তান
0,সেই ভিডিওগুলোর কোনোটিই চলে না
1,দুর্ভাগ্যজনকভাবে বাংলাদেশ অনেক ক্ষেত্রে ভারসাম্যমূলক অবস্থান গ্রহণ করতে পারছে না  নানাভাবে বাংলাদেশের স্বার্থসংশ্লিষ্ট প্রকল্পগুলোতে ভারতের প্রত্যক্ষ ও পরোক্ষ হস্তক্ষেপ ঘটতে দেখা যাচ্ছে  বাস্তবতা হচ্ছে অনেক বড় ধরনের প্রকল্পে ভারত নিজেই চীনের মুখাপেক্ষী  সেখানে বাংলাদেশে চীনের বিনিয়োগ নিয়ে ভারতের নেতিবাচক অবস্থান গ্রহণ এ অঞ্চলে ভারতের অদূরদর্শী রাজনৈতিক প্রভাব বিস্তারের নোংরা খেলা ছাড়া কিছু নয়  চীনের সাথে সম্পর্ক এগিয়ে নিতে হলে ভারতনির্ভরতা কাটিয়ে বাংলাদেশকে স্বাধীনভাবে কিছু সিদ্ধান্ত নিতে হবে
0,তারা আপনাকে একটি হুক আপ সাইটে যাওয়ার জন্য একটি জাল উইন্ডো বলে মনে হচ্ছে
1,প্লিজ কেউ কন্ড়ম চারা ওরে চুদবেন্না
0,সেখানে আইকিউ বেশ মূল্যহীন যদি তারা ক্যান্সার এমএস পারকিনসন বা এইচআইভি ইটিসি-এর নিরাময় আবিষ্কার না করে থাকে
1,সব কয়টায় জামাত শিবির জরিত
0,আমি এই লোকটির রাগ এবং দৃঢ়তা পছন্দ করি কেউ বলুন পুরো ফুটেজ কোথায় নেবেন
1,ভারত যেন বাংলাদেশের কোনো ব্যাপারে নাক না গলা  কেননা ভারত বাংলাদেশকে কখনো ভালো চায় না
0,দক্ষিণ আফ্রিকা বিবিসি টিভি শোতে বর্ণবাদী হামলা
1,কোটি মুসলিমদের বাস ভারতে আবালরা তারা কি মালাউন
0,জন জে ও নীলের লেখা প্রোডিগাল জিনিয়াস একটি দিয়ে শুরু করা ভালো
1,মাহী সে মানুষ টা বেশী ভাল না
0,আমি শুধুমাত্র বুলস অন প্যারেড শুনেছি কারণ এটি আমাকে সঙ্গীত থেকে আমার পছন্দের রাগান্বিত রাশ দিয়েছে কিন্তু এখন আমি সেই ট্র্যাশ শোনা বন্ধ করব
1,ভারতকে যারা পছন্দ করেননা ভাল কথা কিন্ত পাকিরাও আমাদের বন্ধু না তারা আরও বড় শত্রু  তারা এর জাল এখনো ভুলেনাই সুযোগ পেলেই তারা বাংলাদেশ কে বাশ দিবে কারন তারা এমন একটা জাতি যাদের কোন বুক পিট নাই
0,আমি ভাবছি যে এডির কনসার্টের সময় নিরাপত্তারক্ষীরা উপস্থিত থাকে বা যদি সে কেবল মহাবিশ্বের অপ্রতিরোধ্য শুভ ইচ্ছার উপর নির্ভর করে তাকে হাজার হাজার চিৎকারকারী ভক্তদের থেকে রক্ষা করার জন্য
1,ভারতীয় নিয়ে এসে অবৈধ আব্বার পশ্চাৎদেশ শিশ্ন পুরীষ মূত্র এবং বীর্য লেহন করে আম্মুর চোদার কৃতজ্ঞতা জানানোই চোদনা ই পাকিস্তান জামাতি কাংলুর প্রধান ধর্ম ওটাই ওদের কোরান এবং হাদিস পাকিস্তানকে দিয়ে আম্মুকে চোদন দেওয়াটা সুন্নত এবং পাকিস্তানী মূত্র ও পুরীষ ভক্ষণ ও সুন্নত
0,হ্যাঁ ডেস মইনেস
1,এই খানকি তুই একটা বাসটেট
0,সাইকোসোশ্যাল ফেক অ্যান্টিফ্যাসিস্ট লাই থেকে এই গানগুলি দেখুন আমি আপনাকে বলার চেষ্টা করেছি কিন্তু আপনার বেগুনি হৃদয়গুলি বেরিয়ে আসছে যদি শিকারের মরসুম হয় তবে এটি কি আপনি চান
1,তরে কত মানুষ গুয়া মারছে তা টিক নাই  দুধ দেখলে মনে হয় শুধু গুয়া মারছে না  দুধে শুনা ডুকাইচে তরে ছুধানির এক হাত নম্বা দন দিয়া গুয়া মারলে বুজতি তখন
0,শুধু আমি একাই না
1,আন্দালিব ভাই   এই মাগীর পুতেরা কিসু জানে না   সালারা বুড়া ভাম
0,এই থ্রেডটি আর সঠিকভাবে কাজ করছে না বলে আমাকে একটি নতুন থ্রেড শুরু করতে হয়েছিল
1,রেন্ডিয়ার মতো বেস্যা কান্ট্রি  বাশ্বের আর কোথাও নাই  সারা দেশেই মাগীপাড়া  কুম্বমেলায় মেয়ে উরঙ্গ হয়ে গোসল করে
0,আমি কিছুক্ষণ আগে তার সম্পর্কে কিছু জিনিস পড়েছিলাম এবং সে অনেক দূরে বাম দিকে
